<application>
  <component name="AutoGeneratorSettingsState">
    <option name="entityPackageName" value="com.sankuai.waimai.product.sprintbootapp.domain" />
    <option name="entityParentDirectory" value="$USER_HOME$/IdeaProjects/sprint-boot-app/src/main/java" />
    <option name="ignoredFields">
      <set>
        <option value="" />
      </set>
    </option>
    <option name="moduleName" value="sprint-boot-app.main" />
    <option name="removeEntityPrefix" value="" />
    <option name="removeFieldPrefix" value="" />
    <option name="repositoryPackageName" value="com.sankuai.waimai.product.sprintbootapp" />
    <option name="repositoryParentDirectory" value="$USER_HOME$/IdeaProjects/sprint-boot-app/src/main/java" />
  </component>
</application>