<application>
  <component name="UpdatesConfigurable">
    <enabledExternalComponentSources>
      <item value="Android SDK" />
    </enabledExternalComponentSources>
    <option name="externalUpdateChannels">
      <map>
        <entry key="Android SDK" value="Stable Channel" />
      </map>
    </option>
    <knownExternalComponentSources>
      <item value="Android SDK" />
    </knownExternalComponentSources>
    <option name="LAST_BUILD_CHECKED" value="IU-203.6682.168" />
    <option name="LAST_TIME_CHECKED" value="1627354297201" />
    <pluginHosts>
      <item value="https://s3plus.sankuai.com/v1/mss_5e9b33dfdbb94ca5840fbb1047f4edc7/sonic-plugin/plugins.xml" />
    </pluginHosts>
    <option name="THIRD_PARTY_PLUGINS_ALLOWED" value="true" />
  </component>
</application>